{
    "saldo_atual": -4961.2399999995405,
    "total_ganhos": 3383.5600000007785,
    "total_perdas": -8344.800000000434,
    "operacoes_ganhas": 12079,
    "operacoes_perdidas": 11327,
    "data_ultima_atualizacao": "2026-07-03 02:41:07.853964"
}