{
    "saldo_atual": -4957.9599999995435,
    "total_ganhos": 3372.0400000007726,
    "total_perdas": -8330.000000000447,
    "operacoes_ganhas": 12043,
    "operacoes_perdidas": 11290,
    "data_ultima_atualizacao": "2025-09-24 13:30:32.514192"
}